<?xml version="1.0" encoding="UTF-8"?>
<metadata xml:lang="en"><Esri><CreaDate>20200827</CreaDate><CreaTime>11494900</CreaTime><ArcGISFormat>1.0</ArcGISFormat><SyncOnce>TRUE</SyncOnce><DataProperties><lineage><Process ToolSource="c:\program files (x86)\arcgis\desktop10.5\ArcToolbox\Toolboxes\Conversion Tools.tbx\FeatureToRaster" Date="20200827" Time="114949">FeatureToRaster clip NIVEL_2 "D:\Efrain_Duarte\Dropbox\Sud_Austral_DropBox\El Salvador\Guía_Landscape\Avances_Efrain\APR\PASTOS_ARB\Mapa_uso_suelo.tif" 3</Process></lineage></DataProperties></Esri></metadata>
